0.17452351255534743, 7.581460547497755, 0.41531166, 0.700690507888794, 49.82507252693176, lasso, 0.001, 0.0055
0.10907117615874254, 9.622900036656215, 0.43955156, 0.8022711873054504, 29.332184553146362, dct, 0.005, 0.0055
0.15167698524260365, 8.190803120307537, 0.44462228, 0.7531478404998779, 32.68241024017334, nnL1, 0.01, 0.0055
0.18307097943644882, 7.373804949638171, 0.4169126, 0.7022554874420166, 146.98000288009644, huber, 1, 0.0055
0.05962446888316879, 12.2457547649919, 0.48876393, 0.5285532474517822, 51.04523491859436, lasso, 0.001, 0.0055
0.05785469410869361, 12.376613982887621, 0.42796135, 0.6968901753425598, 35.46925210952759, dct, 0.005, 0.0055
0.06230282221878038, 12.054922800457728, 0.4652897, 0.6168332695960999, 39.73980903625488, nnL1, 0.01, 0.0055
0.06365231797551255, 11.961857763678394, 0.47093067, 0.548474133014679, 168.04707741737366, huber, 1, 0.0055
0.09179309684478412, 10.371899780029532, 0.5027017, 0.5437266826629639, 44.51966619491577, lasso, 0.001, 0.0055
0.07094438174843203, 11.49081991640828, 0.5925846, 0.6530132293701172, 39.881601095199585, dct, 0.005, 0.0055
0.07967274366794481, 10.986902268995555, 0.5675438, 0.5680028796195984, 40.37612867355347, nnL1, 0.01, 0.0055
0.08509667413234102, 10.70087413290237, 0.53438854, 0.5188783407211304, 151.27515482902527, huber, 1, 0.0055
0.16158442859755076, 7.91600493190103, 0.54317474, 0.6230928897857666, 41.21482872962952, lasso, 0.001, 0.0055
0.14033108890161303, 8.528461048609968, 0.6034506, 0.6757131814956665, 33.82049608230591, dct, 0.005, 0.0055
0.15605538487292292, 8.067212409028633, 0.60172033, 0.638501763343811, 33.14221906661987, nnL1, 0.01, 0.0055
0.16126995797222085, 7.924465272300503, 0.59150034, 0.6206945180892944, 122.44778299331665, huber, 1, 0.0055
0.037147945613733004, 14.300651989502384, 0.6496834, 0.3670218884944916, 35.22422909736633, lasso, 0.001, 0.0055
0.04060126481417519, 13.914604370321438, 0.6458174, 0.46679285168647766, 31.394509077072144, dct, 0.005, 0.0055
0.047352405182046316, 13.24657956876927, 0.64430267, 0.41674724221229553, 29.531769275665283, nnL1, 0.01, 0.0055
0.0466671795880812, 13.309884456618002, 0.64576095, 0.37944769859313965, 114.23574018478394, huber, 1, 0.0055
0.08296823863012243, 10.810881296427626, 0.61780614, 0.5043526291847229, 39.03167772293091, lasso, 0.001, 0.0055
0.051307409714329164, 12.898199104112635, 0.70937186, 0.5211066603660583, 35.38264799118042, dct, 0.005, 0.0055
0.06531735262117422, 11.84971425976327, 0.6845575, 0.5324720144271851, 31.840032815933228, nnL1, 0.01, 0.0055
0.0655518114249924, 11.834153027380623, 0.6771531, 0.5174639225006104, 107.12056636810303, huber, 1, 0.0055
0.1425715993518741, 8.459669785037145, 0.42083764, 0.5981600284576416, 46.678208112716675, lasso, 0.001, 0.0055
0.1208434299701773, 9.177769563879945, 0.4378792, 0.739067554473877, 34.643558740615845, dct, 0.005, 0.0055
0.13877498593102872, 8.576888080247588, 0.42324317, 0.6612363457679749, 35.682586908340454, nnL1, 0.01, 0.0055
0.15677480740078928, 8.047237240868228, 0.39150515, 0.6151538491249084, 155.59254264831543, huber, 1, 0.0055
0.1212097707876059, 9.164623700368521, 0.36576155, 0.7273349761962891, 45.91271615028381, lasso, 0.001, 0.0055
0.09812250540238299, 10.08231371304028, 0.34377775, 0.8476842045783997, 36.83024287223816, dct, 0.005, 0.0055
0.11119170129005461, 9.539276247901746, 0.36681125, 0.7863460779190063, 37.764618158340454, nnL1, 0.01, 0.0055
0.11972288606102192, 9.218228225262266, 0.35816225, 0.7171292901039124, 148.17134809494019, huber, 1, 0.0055
0.042894424682170064, 13.67599152736511, 0.36353317, 0.5460861325263977, 71.83589434623718, lasso, 0.001, 0.0055
0.015917614751612057, 17.98122010582244, 0.4888769, 0.6324869990348816, 47.11057138442993, dct, 0.005, 0.0055
0.03524095530601236, 14.52952327317131, 0.36005107, 0.5787595510482788, 53.03580689430237, nnL1, 0.01, 0.0055
0.05208170950934589, 12.833147690963367, 0.2981732, 0.5595946907997131, 289.0567901134491, huber, 1, 0.0055
0.22509334559874253, 6.476373437931891, 0.37728277, 0.508042573928833, 47.91961097717285, lasso, 0.001, 0.0055
0.13962119857769256, 8.550486381141578, 0.5552228, 0.4684891402721405, 37.564624071121216, dct, 0.005, 0.0055
0.20683256055886595, 6.843810915068989, 0.41061696, 0.4708634316921234, 36.62967038154602, nnL1, 0.01, 0.0055
0.2462031725758222, 6.087063550468813, 0.3249803, 0.5091655850410461, 157.26328253746033, huber, 1, 0.0055
0.09675560155987298, 10.143238825765291, 0.3197027, 0.5863229036331177, 53.111228942871094, lasso, 0.001, 0.0055
0.04681618980184544, 13.296039348377839, 0.5183807, 0.5798892378807068, 38.996901988983154, dct, 0.005, 0.0055
0.07524930899862277, 11.234974837668496, 0.38618612, 0.6074846982955933, 39.217148542404175, nnL1, 0.01, 0.0055
0.09585814251244389, 10.183709907877072, 0.29376343, 0.5867063403129578, 173.99195647239685, huber, 1, 0.0055
0.05373077463908818, 12.697768981423362, 0.63396645, 0.5277442932128906, 38.277769804000854, lasso, 0.001, 0.0055
0.043931943123635034, 13.572195873285935, 0.70696527, 0.49843958020210266, 29.19057846069336, dct, 0.005, 0.0055
0.05910210155677711, 12.283970761697653, 0.66965765, 0.5153297185897827, 29.129668474197388, nnL1, 0.01, 0.0055
0.07907557611408961, 11.019576352989468, 0.6065095, 0.5226189494132996, 129.8650963306427, huber, 1, 0.0055
0.03867994096160523, 14.125141974656811, 0.40933943, 0.6511642336845398, 49.566457986831665, lasso, 0.001, 0.0055
0.03739262576524259, 14.27214036976939, 0.37495443, 0.8802214860916138, 30.502565622329712, dct, 0.005, 0.0055
0.030292597616064586, 15.186634839483427, 0.44597092, 0.7289738059043884, 37.22758960723877, nnL1, 0.01, 0.0055
0.040568699055261656, 13.918089188961185, 0.4302988, 0.6600792407989502, 166.91248083114624, huber, 1, 0.0055
0.16556680096515455, 7.810267424490098, 0.40931067, 0.6740869879722595, 55.98288416862488, lasso, 0.001, 0.0055
0.14836058831811164, 8.286814531622271, 0.4096037, 0.8273175954818726, 46.2838339805603, dct, 0.005, 0.0055
0.14438093839290667, 8.404901398496152, 0.44687867, 0.7184169292449951, 45.353638887405396, nnL1, 0.01, 0.0055
0.16405575733814412, 7.850085239715511, 0.42113194, 0.6720646023750305, 187.87942266464233, huber, 1, 0.0055
0.10538921546025024, 9.772038284568323, 0.5099142, 0.5564268231391907, 47.35758352279663, lasso, 0.001, 0.0055
0.0657672146317276, 11.819905509594504, 0.56954175, 0.6915346384048462, 27.46556305885315, dct, 0.005, 0.0055
0.10737683118489975, 9.690894167186425, 0.5259612, 0.6303015947341919, 31.142200469970703, nnL1, 0.01, 0.0055
0.12792219635792143, 8.930540925862681, 0.48706135, 0.5754538774490356, 136.30141282081604, huber, 1, 0.0055
0.09947018300817854, 10.023070830297325, 0.55373317, 0.48882782459259033, 38.58261013031006, lasso, 0.001, 0.0055
0.07552057691544843, 11.219347010426308, 0.5758161, 0.5791213512420654, 28.105401754379272, dct, 0.005, 0.0055
0.07304560495801166, 11.364059097762986, 0.6043068, 0.5208230018615723, 28.850618362426758, nnL1, 0.01, 0.0055
0.09057357211908833, 10.429985038370502, 0.5795788, 0.49261704087257385, 112.63152575492859, huber, 1, 0.0055
0.2435547096507122, 6.134034679992528, 0.45157278, 0.7692529559135437, 40.79480981826782, lasso, 0.001, 0.0055
0.1907124098140118, 7.196210461338952, 0.48031414, 0.8193397521972656, 30.523950815200806, dct, 0.005, 0.0055
0.19687013018447844, 7.058201715211377, 0.48906633, 0.7774955630302429, 31.28371810913086, nnL1, 0.01, 0.0055
0.20092480140764027, 6.969664522528402, 0.48414612, 0.75836181640625, 115.771888256073, huber, 1, 0.0055
0.0396999129806003, 14.012104451786112, 0.66295034, 0.42294007539749146, 46.145426511764526, lasso, 0.001, 0.0055
0.018413300258318575, 17.3486836491676, 0.7759003, 0.5450294017791748, 35.58597207069397, dct, 0.005, 0.0055
0.02751652081884363, 15.604064790374801, 0.7443041, 0.44907405972480774, 35.54371500015259, nnL1, 0.01, 0.0055
0.03377293249731189, 14.714312280199826, 0.7044441, 0.42143771052360535, 131.18005537986755, huber, 1, 0.0055
0.07909799773203292, 11.018345099907608, 0.5214153, 0.5216960310935974, 48.45188236236572, lasso, 0.001, 0.0055
0.056957878032610244, 12.444461987232767, 0.5414749, 0.7109106779098511, 34.98501014709473, dct, 0.005, 0.0055
0.06562494825947429, 11.829310259956426, 0.53695816, 0.582580029964447, 38.583619356155396, nnL1, 0.01, 0.0055
0.08724196137291937, 10.59274579179301, 0.48467648, 0.541655421257019, 170.02289152145386, huber, 1, 0.0055
0.030108676711661588, 15.213083314833293, 0.6243806, 0.5741688013076782, 40.35566329956055, lasso, 0.001, 0.0055
0.036928880951186946, 14.326338524922097, 0.5839661, 0.7331254482269287, 30.6505126953125, dct, 0.005, 0.0055
0.029268334306164025, 15.336019930505236, 0.6327351, 0.6212460398674011, 31.31632924079895, nnL1, 0.01, 0.0055
0.02658798216019513, 15.753146212974535, 0.6425062, 0.5747125744819641, 125.76262831687927, huber, 1, 0.0055
0.24866905346141416, 6.043782587477432, 0.3316097, 0.718978762626648, 64.15566945075989, lasso, 0.001, 0.0055
0.13911459300022846, 8.566273105036077, 0.4741244, 0.8180655241012573, 42.75410795211792, dct, 0.005, 0.0055
0.18435906178053185, 7.343355107046806, 0.439893, 0.7443510293960571, 42.3921480178833, nnL1, 0.01, 0.0055
0.24047775952738998, 6.189250829540404, 0.3663055, 0.7367209196090698, 174.69290471076965, huber, 1, 0.0055
0.05109916272004017, 12.915862158935735, 0.6347883, 0.32373738288879395, 63.36900234222412, lasso, 0.001, 0.0055
0.023079019066940282, 16.367826540461287, 0.6176025, 0.4807390868663788, 52.75364851951599, dct, 0.005, 0.0055
0.03966356898855309, 14.016082098912515, 0.6731611, 0.3515871465206146, 46.83342409133911, nnL1, 0.01, 0.0055
0.056496283013233284, 12.479801242149618, 0.6194679, 0.3390132486820221, 225.129821062088, huber, 1, 0.0055
0.033412546576238836, 14.76090422839539, 0.5316761, 0.4776085615158081, 46.09929966926575, lasso, 0.001, 0.0055
0.029980410492640865, 15.231624250745202, 0.5699778, 0.5940546989440918, 30.647170543670654, dct, 0.005, 0.0055
0.02762882844829311, 15.586375301840592, 0.56658053, 0.5337550640106201, 34.14533305168152, nnL1, 0.01, 0.0055
0.031987269584511986, 14.950228294685065, 0.534317, 0.48040905594825745, 157.76944780349731, huber, 1, 0.0055
0.33530506133878085, 4.745598909645187, 0.44003272, 0.676872193813324, 55.04336905479431, lasso, 0.001, 0.0055
0.21552904778549825, 6.664941898057726, 0.56194854, 0.7640273571014404, 35.34895324707031, dct, 0.005, 0.0055
0.3315019562133084, 4.7951390445336015, 0.49321008, 0.7059580087661743, 36.726114988327026, nnL1, 0.01, 0.0055
0.37227237013983017, 4.291391956942982, 0.43579698, 0.6919534206390381, 148.85832166671753, huber, 1, 0.0055
0.012112926658729508, 19.167509123338743, 0.656925, 0.39885422587394714, 63.490248918533325, lasso, 0.001, 0.0055
0.015658933061206266, 18.052378324068272, 0.55377626, 0.5808412432670593, 48.107006311416626, dct, 0.005, 0.0055
0.011252186006443647, 19.487630972583133, 0.6696456, 0.4321950674057007, 54.809391498565674, nnL1, 0.01, 0.0055
0.011778558510965303, 19.28907856326466, 0.657448, 0.3915446102619171, 227.37251830101013, huber, 1, 0.0055
0.023477914640784893, 16.293404806876282, 0.51972705, 0.5661129355430603, 36.1006178855896, lasso, 0.001, 0.0055
0.019009399925163362, 17.210315924088125, 0.51323915, 0.6902822256088257, 35.688451290130615, dct, 0.005, 0.0055
0.02142561862370105, 16.690666298023785, 0.55341446, 0.6207142472267151, 34.80893301963806, nnL1, 0.01, 0.0055
0.022973716349761805, 16.387687453516197, 0.55705816, 0.568289577960968, 126.33783078193665, huber, 1, 0.0055
0.05687794850611966, 12.450560762821453, 0.5782397, 0.6270151138305664, 47.15345120429993, lasso, 0.001, 0.0055
0.04665874875615104, 13.310669118257064, 0.6278201, 0.7700145244598389, 37.541667222976685, dct, 0.005, 0.0055
0.03982767109758008, 13.998150879928987, 0.6707248, 0.6473777294158936, 38.08845376968384, nnL1, 0.01, 0.0055
0.046905457367048584, 13.287766249499306, 0.63625336, 0.6270981431007385, 146.65234303474426, huber, 1, 0.0055
0.006678001033352669, 21.75353518078993, 0.79221183, 0.21399518847465515, 54.29354166984558, lasso, 0.001, 0.0055
0.009142465207692914, 20.389366837255736, 0.64156955, 0.35258767008781433, 57.004406213760376, dct, 0.005, 0.0055
0.007213979078165185, 21.418251215478175, 0.77884215, 0.2326299548149109, 49.01052117347717, nnL1, 0.01, 0.0055
0.0067448198696497055, 21.710296443110934, 0.7933484, 0.2143973410129547, 183.37456488609314, huber, 1, 0.0055
0.015932216457292342, 17.97723801837839, 0.48876253, 0.664710283279419, 37.1194224357605, lasso, 0.001, 0.0055
0.0409314550005494, 13.87942817107027, 0.4240564, 0.827919065952301, 33.190216064453125, dct, 0.005, 0.0055
0.018959208482690205, 17.221797977350526, 0.49333206, 0.7217409014701843, 30.276986122131348, nnL1, 0.01, 0.0055
0.015465777382941704, 18.10628245422409, 0.5055067, 0.6432941555976868, 130.02825474739075, huber, 1, 0.0055
0.14308228462492684, 8.444141339963867, 0.42574623, 0.7233585119247437, 43.37068057060242, lasso, 0.001, 0.0055
0.13799906836016512, 8.601238455364822, 0.41713142, 0.8463539481163025, 27.608916521072388, dct, 0.005, 0.0055
0.14825628929125237, 8.289868740409363, 0.4418081, 0.7846909761428833, 31.99997329711914, nnL1, 0.01, 0.0055
0.1813890269505477, 7.413889889350655, 0.40233493, 0.720842719078064, 150.3783905506134, huber, 1, 0.0055
0.09439674941819261, 10.250429605117613, 0.37920526, 0.5884153246879578, 59.06667613983154, lasso, 0.001, 0.0055
0.059369337196128386, 12.26437799544058, 0.41958877, 0.806696891784668, 42.49870800971985, dct, 0.005, 0.0055
0.07830021056291186, 11.062370700469383, 0.4238409, 0.6798798441886902, 44.54238533973694, nnL1, 0.01, 0.0055
0.10445546082929194, 9.810688505995715, 0.36233258, 0.6124611496925354, 218.0718469619751, huber, 1, 0.0055
0.16687598474293797, 7.776061584918756, 0.49104252, 0.6335749626159668, 37.00813031196594, lasso, 0.001, 0.0055
0.11105293333976303, 9.544699655581212, 0.5227513, 0.6879158616065979, 35.072882890701294, dct, 0.005, 0.0055
0.16788507758563967, 7.749879042801964, 0.5143364, 0.6521469950675964, 32.04112386703491, nnL1, 0.01, 0.0055
0.21343391603434933, 6.707365672161708, 0.45765224, 0.6379518508911133, 145.95619130134583, huber, 1, 0.0055
0.025677199640649767, 15.90452342243728, 0.6433384, 0.2908651530742645, 33.36978077888489, lasso, 0.001, 0.0055
0.029190089172463917, 15.347645782887975, 0.65178365, 0.296403706073761, 26.927003145217896, dct, 0.005, 0.0055
0.02733479005684997, 15.632842573312939, 0.64885294, 0.2902287542819977, 27.25423288345337, nnL1, 0.01, 0.0055
0.028973886736285925, 15.379932419416317, 0.6372147, 0.29644495248794556, 109.77254271507263, huber, 1, 0.0055
0.00888738136939147, 20.512261832762448, 0.6253764, 0.5190252661705017, 37.46435332298279, lasso, 0.001, 0.0055
0.013965399111036293, 18.549466482734726, 0.63871175, 0.6011972427368164, 34.61921691894531, dct, 0.005, 0.0055
0.008901225509327244, 20.505501961305754, 0.6645561, 0.5455188751220703, 31.969318151474, nnL1, 0.01, 0.0055
0.009315771170003729, 20.307811878944662, 0.642354, 0.5073661208152771, 136.89105319976807, huber, 1, 0.0055
0.01254043473278415, 19.016874077814848, 0.5606704, 0.46284371614456177, 54.97974753379822, lasso, 0.001, 0.0055
0.02052068465794278, 16.87808153394229, 0.45350456, 0.677604615688324, 39.80186653137207, dct, 0.005, 0.0055
0.013075901406539666, 18.83528362698368, 0.5292643, 0.5472264885902405, 41.80744481086731, nnL1, 0.01, 0.0055
0.012713646268910151, 18.957298760892577, 0.5484064, 0.4608035683631897, 189.24208521842957, huber, 1, 0.0055
0.0018231324893538611, 27.3918176946652, 0.8122489, 0.1580982506275177, 74.88525819778442, lasso, 0.001, 0.0055
0.005702838390878495, 22.439089354364906, 0.6526095, 0.3384527862071991, 56.413267850875854, dct, 0.005, 0.0055
0.0023526866706833813, 26.284359080361167, 0.80662996, 0.15475115180015564, 63.85347056388855, nnL1, 0.01, 0.0055
0.0018368001827451612, 27.359380860737087, 0.8154792, 0.14915631711483002, 257.95852541923523, huber, 1, 0.0055
0.016843006220774396, 17.73580390949599, 0.54764026, 0.4904768764972687, 60.631507873535156, lasso, 0.001, 0.0055
0.028845074923098863, 15.399283286543174, 0.44644937, 0.7552672028541565, 38.72421431541443, dct, 0.005, 0.0055
0.021263941704091488, 16.723562270346243, 0.5265228, 0.5939926505088806, 43.4039261341095, nnL1, 0.01, 0.0055
0.0191441618721939, 17.179636422308405, 0.535669, 0.49338293075561523, 230.2644817829132, huber, 1, 0.0055
0.044064543969574786, 13.559107200958634, 0.5215139, 0.5279977917671204, 57.600605964660645, lasso, 0.001, 0.0055
0.0405688751364851, 13.918070339222462, 0.5008161, 0.7411820292472839, 46.15545725822449, dct, 0.005, 0.0055
0.043351982459920696, 13.629910377098469, 0.5355792, 0.5906158685684204, 51.09663987159729, nnL1, 0.01, 0.0055
0.0434539704499701, 13.619705353089305, 0.5181859, 0.5199267864227295, 212.73088431358337, huber, 1, 0.0055
0.05990500768338667, 12.225368717950092, 0.3465042, 0.5731698870658875, 66.51030707359314, lasso, 0.001, 0.0055
0.040365244208658925, 13.939924157024972, 0.4410397, 0.7478415966033936, 44.09884977340698, dct, 0.005, 0.0055
0.04941331554002165, 13.061560047945163, 0.39580044, 0.6330481767654419, 45.93873977661133, nnL1, 0.01, 0.0055
0.06211913077862108, 12.06774629902422, 0.3129425, 0.5827510952949524, 225.8503532409668, huber, 1, 0.0055
0.09971950445285692, 10.012198883504194, 0.6285245, 0.43189752101898193, 42.2624933719635, lasso, 0.001, 0.0055
0.08160667719370865, 10.882743050973275, 0.6943796, 0.4641639292240143, 33.07029104232788, dct, 0.005, 0.0055
0.08317359792212242, 10.80014511406753, 0.6839342, 0.4581705927848816, 32.344995975494385, nnL1, 0.01, 0.0055
0.08347890885145988, 10.78423236210404, 0.67502207, 0.43899840116500854, 126.42500138282776, huber, 1, 0.0055
0.010041913227978505, 19.981835356775587, 0.511015, 0.4683414697647095, 64.26378202438354, lasso, 0.001, 0.0055
0.033930519175689504, 14.694094951025372, 0.52747065, 0.482019305229187, 45.306710720062256, dct, 0.005, 0.0055
0.016077792799527903, 17.937735725515157, 0.56273556, 0.43621236085891724, 45.91482639312744, nnL1, 0.01, 0.0055
0.009678727834007009, 20.141817223381977, 0.50979227, 0.4676789343357086, 231.72216629981995, huber, 1, 0.0055
0.12388882656364551, 9.06967860537338, 0.5858314, 0.5962517261505127, 36.83699703216553, lasso, 0.001, 0.0055
0.13021371353448682, 8.853432753782007, 0.55956876, 0.653411865234375, 34.96408653259277, dct, 0.005, 0.0055
0.11869633035278469, 9.255627076011933, 0.58076376, 0.628407895565033, 32.05996751785278, nnL1, 0.01, 0.0055
0.11529730507992733, 9.381808436384734, 0.58983403, 0.6135948896408081, 109.47935175895691, huber, 1, 0.0055
0.04106394655982348, 13.86539313933074, 0.48933136, 0.590192973613739, 49.927382946014404, lasso, 0.001, 0.0055
0.04775928283856716, 13.209422032687911, 0.38550138, 0.8196566700935364, 37.982186794281006, dct, 0.005, 0.0055
0.038311446902382036, 14.166714457758827, 0.467145, 0.652738630771637, 40.741676330566406, nnL1, 0.01, 0.0055
0.04230988915083884, 13.73558112490546, 0.48512006, 0.5992491245269775, 175.0905990600586, huber, 1, 0.0055
0.03497087236204824, 14.562935339104206, 0.52073675, 0.49139297008514404, 64.89443492889404, lasso, 0.001, 0.0055
0.038347760739299255, 14.162599909577416, 0.39661968, 0.6780456900596619, 49.7129008769989, dct, 0.005, 0.0055
0.03552101081504795, 14.495146840772389, 0.4999636, 0.561043918132782, 54.8700532913208, nnL1, 0.01, 0.0055
0.03522272366326836, 14.531770644336783, 0.5243473, 0.485426664352417, 240.98056483268738, huber, 1, 0.0055
0.0817252265754389, 10.876438667056668, 0.55239236, 0.4964428246021271, 44.208415269851685, lasso, 0.001, 0.0055
0.042702054958288, 13.695512248445139, 0.6211622, 0.6390902400016785, 35.09952187538147, dct, 0.005, 0.0055
0.07523308503935297, 11.235911289544857, 0.57832, 0.5366754531860352, 34.16351389884949, nnL1, 0.01, 0.0055
0.093727829248296, 10.281314411877919, 0.524023, 0.5061485767364502, 144.69662380218506, huber, 1, 0.0055
0.16218110025281612, 7.89999757610405, 0.5031903, 0.5943585634231567, 49.87485980987549, lasso, 0.001, 0.0055
0.118605795051638, 9.258940909256888, 0.5125445, 0.7065885663032532, 29.359737157821655, dct, 0.005, 0.0055
0.13729279693069515, 8.623522474341287, 0.5385904, 0.6460753679275513, 31.37025761604309, nnL1, 0.01, 0.0055
0.14128323121073394, 8.4990938114374, 0.5288842, 0.6013979315757751, 141.51666235923767, huber, 1, 0.0055
0.021930847428814147, 16.589445864461837, 0.6438865, 0.46071988344192505, 34.565497636795044, lasso, 0.001, 0.0055
0.020347031131935433, 16.914989504230306, 0.67098314, 0.5796399712562561, 35.21738076210022, dct, 0.005, 0.0055
0.02337986713146864, 16.31157961276572, 0.66389024, 0.4951775074005127, 31.523903131484985, nnL1, 0.01, 0.0055
0.023591180644871115, 16.272503238570113, 0.67461795, 0.46005797386169434, 126.48389792442322, huber, 1, 0.0055
0.015210623458360866, 18.17852984567866, 0.7794276, 0.2765171229839325, 58.831021308898926, lasso, 0.001, 0.0055
0.020600411589939648, 16.86124102472891, 0.58681685, 0.5436512231826782, 49.453474283218384, dct, 0.005, 0.0055
0.016626076707938003, 17.792102201196208, 0.7619048, 0.3315456509590149, 51.714744567871094, nnL1, 0.01, 0.0055
0.015207716125513322, 18.179360028150068, 0.7760255, 0.2890956401824951, 211.03658819198608, huber, 1, 0.0055
0.2294664788991622, 6.392807484378663, 0.24600787, 0.7460309267044067, 56.391425371170044, lasso, 0.001, 0.0055
0.1465218578196289, 8.340975833483471, 0.29864898, 0.8798198699951172, 35.39827609062195, dct, 0.005, 0.0055
0.1964156080365208, 7.068240042537366, 0.3000387, 0.8140391111373901, 40.268959760665894, nnL1, 0.01, 0.0055
0.23740152935999081, 6.245164876119858, 0.24592061, 0.7606958150863647, 186.2304334640503, huber, 1, 0.0055
0.035844896664436694, 14.45572667283235, 0.49312496, 0.5513126254081726, 65.99575281143188, lasso, 0.001, 0.0055
0.04541604297201357, 13.427907078591906, 0.3985015, 0.80942702293396, 47.3521409034729, dct, 0.005, 0.0055
0.03672691344446698, 14.350155685335979, 0.46303773, 0.6365845203399658, 52.99000382423401, nnL1, 0.01, 0.0055
0.034829523800055225, 14.580524633086913, 0.47998694, 0.5574585199356079, 236.48350834846497, huber, 1, 0.0055
0.028073659143330765, 15.517009773838268, 0.50896835, 0.4990481734275818, 61.92614436149597, lasso, 0.001, 0.0055
0.029638900714385866, 15.281379080655032, 0.5111982, 0.7142300605773926, 52.67630124092102, dct, 0.005, 0.0055
0.030149460198566014, 15.207204591418318, 0.5240626, 0.5634568929672241, 56.08700656890869, nnL1, 0.01, 0.0055
0.02996339672031173, 15.234089555496722, 0.4880574, 0.49332767724990845, 217.66412663459778, huber, 1, 0.0055
0.22592556154210391, 6.460346295990878, 0.4521947, 0.5492672324180603, 46.36272406578064, lasso, 0.001, 0.0055
0.13221767208210194, 8.787104936037156, 0.57039505, 0.701781153678894, 37.41807556152344, dct, 0.005, 0.0055
0.2045397196814411, 6.892223435810054, 0.50455, 0.6049212217330933, 34.11041283607483, nnL1, 0.01, 0.0055
0.2576074378036534, 5.890416019082986, 0.42673275, 0.5904158353805542, 160.57230758666992, huber, 1, 0.0055
0.24873021335198528, 6.0427145761274, 0.27952182, 0.782319962978363, 66.7833616733551, lasso, 0.001, 0.0055
0.19763562539724167, 7.041347676487653, 0.2938247, 0.9813332557678223, 43.556559801101685, dct, 0.005, 0.0055
0.23505683798171984, 6.288271103360456, 0.30162552, 0.8773716688156128, 46.08084583282471, nnL1, 0.01, 0.0055
0.2617243511582392, 5.821558681829934, 0.26152036, 0.811876654624939, 199.70891642570496, huber, 1, 0.0055
0.06277352302242561, 12.022234968668368, 0.45403662, 0.6037479639053345, 60.31257772445679, lasso, 0.001, 0.0055
0.06381945714692014, 11.950468942681704, 0.39261222, 0.871491551399231, 34.9536349773407, dct, 0.005, 0.0055
0.05544203819901041, 12.56160812265076, 0.48471475, 0.6654146909713745, 42.83718156814575, nnL1, 0.01, 0.0055
0.06410216116472059, 11.931273282644806, 0.4791111, 0.6078185439109802, 200.3382544517517, huber, 1, 0.0055
0.02227421215696902, 16.521976480961133, 0.71043223, 0.3722102642059326, 37.22135782241821, lasso, 0.001, 0.0055
0.02302528723701882, 16.377949433385325, 0.77026063, 0.3804260492324829, 38.92941379547119, dct, 0.005, 0.0055
0.02315975639288672, 16.352660130698805, 0.7531151, 0.39944660663604736, 34.891406774520874, nnL1, 0.01, 0.0055
0.024019188845586504, 16.194416632875726, 0.73144203, 0.3903453052043915, 124.71726274490356, huber, 1, 0.0055
0.11573806694737103, 9.365237754812046, 0.49524, 0.5956601500511169, 40.42780041694641, lasso, 0.001, 0.0055
0.10130479244667567, 9.94370008895255, 0.5194132, 0.735159158706665, 27.42161226272583, dct, 0.005, 0.0055
0.10767803755562229, 9.678728681138825, 0.5272095, 0.6451900005340576, 31.28014039993286, nnL1, 0.01, 0.0055
0.13691876288807825, 8.635370335285247, 0.47271958, 0.6057998538017273, 148.63324093818665, huber, 1, 0.0055
0.1709788512841222, 7.6705760503838984, 0.51693934, 0.6671997904777527, 46.08393454551697, lasso, 0.001, 0.0055
0.1410476520204812, 8.50634139023227, 0.5213122, 0.7615293264389038, 31.012574195861816, dct, 0.005, 0.0055
0.17469293218201712, 7.57724665574838, 0.52821785, 0.7384467124938965, 33.24456858634949, nnL1, 0.01, 0.0055
0.18659110231294046, 7.291090696384134, 0.5197677, 0.7025234699249268, 135.29943752288818, huber, 1, 0.0055
0.012125146440028413, 19.16313007553557, 0.5963164, 0.4941079616546631, 48.5042667388916, lasso, 0.001, 0.0055
0.03438426631972013, 14.636402380573506, 0.57655185, 0.6918776631355286, 40.13921785354614, dct, 0.005, 0.0055
0.014645723616091453, 18.34289165825205, 0.63817334, 0.5228477120399475, 39.3026020526886, nnL1, 0.01, 0.0055
0.0113823282560633, 19.43768893886605, 0.5972834, 0.4779145419597626, 166.46036458015442, huber, 1, 0.0055
0.47951833098406355, 3.19194786005189, 0.40398142, 0.7991330027580261, 51.63854169845581, lasso, 0.001, 0.0055
0.38286001510274525, 4.16959987862275, 0.520106, 0.7725306749343872, 35.036059617996216, dct, 0.005, 0.0055
0.4769930538407243, 3.214879452798206, 0.4384409, 0.8002831339836121, 32.758851289749146, nnL1, 0.01, 0.0055
0.5283137494016629, 2.7710808662222326, 0.38123107, 0.8002796173095703, 136.34495949745178, huber, 1, 0.0055
0.029474907002539047, 15.305475564906457, 0.6631426, 0.2905745804309845, 45.80342125892639, lasso, 0.001, 0.0055
0.03324230235630354, 14.78308904683031, 0.6446403, 0.3953322768211365, 43.7214138507843, dct, 0.005, 0.0055
0.029383602929126555, 15.31894953395897, 0.6876035, 0.29566484689712524, 38.51669120788574, nnL1, 0.01, 0.0055
0.03128971062414994, 15.045984533100551, 0.68154335, 0.29115426540374756, 154.4741473197937, huber, 1, 0.0055
0.05922240962568166, 12.275139261286325, 0.379849, 0.6737469434738159, 53.953503370285034, lasso, 0.001, 0.0055
0.0553636477060891, 12.567753035506282, 0.31063166, 0.9039143323898315, 39.080806493759155, dct, 0.005, 0.0055
0.05707234825121634, 12.435742579650686, 0.3842534, 0.7686015963554382, 43.35525393486023, nnL1, 0.01, 0.0055
0.05724447903210734, 12.422663926826015, 0.40062094, 0.6686195135116577, 187.293035030365, huber, 1, 0.0055
0.14571689626546527, 8.364900876986983, 0.503773, 0.616120457649231, 38.73832631111145, lasso, 0.001, 0.0055
0.11353698082365048, 9.448626587195738, 0.5985933, 0.7023497223854065, 25.721317291259766, dct, 0.005, 0.0055
0.1424408792892675, 8.463653540844295, 0.5344909, 0.6792519688606262, 29.553367376327515, nnL1, 0.01, 0.0055
0.1705521752044508, 7.681427372752542, 0.4791398, 0.654364824295044, 126.3224573135376, huber, 1, 0.0055
0.0872846372994909, 10.590621884041354, 0.49106216, 0.5613020062446594, 61.37263083457947, lasso, 0.001, 0.0055
0.064782328961075, 11.88543442914881, 0.53452295, 0.7594844102859497, 44.79180598258972, dct, 0.005, 0.0055
0.07901676141647941, 11.022807742973868, 0.554396, 0.6341325044631958, 39.01337790489197, nnL1, 0.01, 0.0055
0.09654838529240681, 10.152549851104967, 0.5189654, 0.5746673345565796, 175.28784489631653, huber, 1, 0.0055
0.06998757260409923, 11.549790689658892, 0.45247254, 0.46861425042152405, 56.49153923988342, lasso, 0.001, 0.0055
0.03058656106757512, 15.14469349211213, 0.60994095, 0.6520423889160156, 46.209200382232666, dct, 0.005, 0.0055
0.05657258320725643, 12.47393990129251, 0.53015494, 0.5188009738922119, 40.06933283805847, nnL1, 0.01, 0.0055
0.07418555263115617, 11.29680663770661, 0.4428105, 0.48055535554885864, 190.29067707061768, huber, 1, 0.0055
0.09510361715998387, 10.21802964842325, 0.23608279, 0.6433631777763367, 64.47295928001404, lasso, 0.001, 0.0055
0.028707539929051847, 15.420040224465183, 0.4508568, 0.7549384236335754, 41.063963413238525, dct, 0.005, 0.0055
0.06761061095962445, 11.699851395675843, 0.28840116, 0.6971812844276428, 39.92935276031494, nnL1, 0.01, 0.0055
0.10189388143124645, 9.918518939172968, 0.19511189, 0.6587204933166504, 232.1716320514679, huber, 1, 0.0055
0.1332861235000391, 8.752150628971755, 0.38383198, 0.5722669959068298, 66.06669235229492, lasso, 0.001, 0.0055
0.08533894767399546, 10.688527167871673, 0.5217293, 0.7175693511962891, 33.680784702301025, dct, 0.005, 0.0055
0.11269137726925131, 9.481093133030397, 0.49164423, 0.6374790668487549, 39.715099573135376, nnL1, 0.01, 0.0055
0.13264347937210602, 8.773140946625631, 0.41326126, 0.5772927403450012, 193.47197699546814, huber, 1, 0.0055
0.010066862355104046, 19.971058694861043, 0.5968809, 0.4320599138736725, 49.482813358306885, lasso, 0.001, 0.0055
0.029647792947694596, 15.280076310118107, 0.58392644, 0.5024126768112183, 35.19262218475342, dct, 0.005, 0.0055
0.016280744288410035, 17.883257448423517, 0.6029195, 0.500576913356781, 35.783228158950806, nnL1, 0.01, 0.0055
0.010845235859699867, 19.647609986103866, 0.5764155, 0.43569090962409973, 189.91418552398682, huber, 1, 0.0055
0.008007600213578797, 20.96497617518097, 0.6163251, 0.367067813873291, 67.41943502426147, lasso, 0.001, 0.0055
0.016147126562097307, 17.919047506860895, 0.46085978, 0.5620304346084595, 48.06471610069275, dct, 0.005, 0.0055
0.00799286748967267, 20.972973869526786, 0.58715796, 0.4322967529296875, 54.95887041091919, nnL1, 0.01, 0.0055
0.00833635497570534, 20.790238006775024, 0.6075796, 0.36726972460746765, 235.49503636360168, huber, 1, 0.0055
0.13587394735634495, 8.668638074620548, 0.4675392, 0.7199409604072571, 42.96617245674133, lasso, 0.001, 0.0055
0.0970634105063371, 10.129444529953815, 0.4739764, 0.8004916310310364, 30.482953548431396, dct, 0.005, 0.0055
0.08302462582806536, 10.807930729854963, 0.5154744, 0.7339568138122559, 31.44621729850769, nnL1, 0.01, 0.0055
0.0901975963478073, 10.44805035704098, 0.5178159, 0.7153743505477905, 119.02159786224365, huber, 1, 0.0055
0.013417663830352014, 18.72323093251028, 0.5680589, 0.45453816652297974, 50.181010723114014, lasso, 0.001, 0.0055
0.020858849321878144, 16.807096530975226, 0.49106988, 0.6068474650382996, 43.69456481933594, dct, 0.005, 0.0055
0.01540501167243221, 18.1233796828044, 0.522847, 0.5127241611480713, 44.05577874183655, nnL1, 0.01, 0.0055
0.014390407003332929, 18.419269227554068, 0.52977335, 0.4546852111816406, 183.44155406951904, huber, 1, 0.0055
0.08386796579264781, 10.76403890614852, 0.3586475, 0.6307680010795593, 57.707053661346436, lasso, 0.001, 0.0055
0.08063661212138971, 10.93467727028186, 0.30469486, 0.8000255823135376, 35.42814517021179, dct, 0.005, 0.0055
0.07475725496744991, 11.263466539809581, 0.35618547, 0.7637405395507812, 40.92333912849426, nnL1, 0.01, 0.0055
0.0828209479132561, 10.81859803160608, 0.35147813, 0.633000910282135, 204.31754803657532, huber, 1, 0.0055
0.03331507113747534, 14.773592550484034, 0.58539945, 0.4886512756347656, 45.08188223838806, lasso, 0.001, 0.0055
0.027995943956481216, 15.529048845476536, 0.62009144, 0.6589767932891846, 33.132421016693115, dct, 0.005, 0.0055
0.032432585874496114, 14.890184233204495, 0.6178283, 0.5305103063583374, 36.58884024620056, nnL1, 0.01, 0.0055
0.04241790461987243, 13.724507887780408, 0.56005436, 0.4881425201892853, 164.13717317581177, huber, 1, 0.0055
0.025637856038546975, 15.911182954386867, 0.4979641, 0.5301607251167297, 62.22856950759888, lasso, 0.001, 0.0055
0.04303814898639661, 13.66146415368634, 0.36180818, 0.8196318745613098, 39.13284778594971, dct, 0.005, 0.0055
0.025432351601941412, 15.946134809360231, 0.491696, 0.6100555658340454, 48.84604740142822, nnL1, 0.01, 0.0055
0.02463692664326254, 16.084134696050292, 0.48741424, 0.5228805541992188, 227.45036721229553, huber, 1, 0.0055
0.017314845822167472, 17.615813712170333, 0.6067366, 0.4425375461578369, 41.15812397003174, lasso, 0.001, 0.0055
0.03701146341028451, 14.316637428312188, 0.593174, 0.5883506536483765, 29.225664138793945, dct, 0.005, 0.0055
0.025394589083752157, 15.952588102070235, 0.63539636, 0.5036874413490295, 29.333189487457275, nnL1, 0.01, 0.0055
0.020207732209213777, 16.94482421976361, 0.63461894, 0.4538726210594177, 120.82671761512756, huber, 1, 0.0055
0.35540021551543566, 4.492823131735532, 0.37902293, 0.7732369303703308, 50.39376926422119, lasso, 0.001, 0.0055
0.23342694178436468, 6.31849019785852, 0.4500235, 0.8762915134429932, 32.323561668395996, dct, 0.005, 0.0055
0.34924398013590907, 4.568710710156082, 0.39270234, 0.8473842144012451, 30.847172498703003, nnL1, 0.01, 0.0055
0.3989895235318272, 3.990385076517252, 0.3589466, 0.8043615818023682, 132.55631947517395, huber, 1, 0.0055
0.052224713017820404, 12.82123937850659, 0.53946567, 0.4218936562538147, 39.839192152023315, lasso, 0.001, 0.0055
0.04070637125116618, 13.903376108565643, 0.5730671, 0.5159996747970581, 33.58697319030762, dct, 0.005, 0.0055
0.04481727681215709, 13.485545356051343, 0.57047147, 0.436124324798584, 33.23392295837402, nnL1, 0.01, 0.0055
0.046259382019553826, 13.348001732794152, 0.55933565, 0.41294318437576294, 135.54225277900696, huber, 1, 0.0055
0.020489013056204416, 16.884789608065887, 0.55965376, 0.5600215196609497, 55.982754707336426, lasso, 0.001, 0.0055
0.05275675316711341, 12.777219402863256, 0.42190805, 0.7989012002944946, 34.15284180641174, dct, 0.005, 0.0055
0.016425199421235426, 17.844893488904734, 0.5824731, 0.6553080677986145, 37.635547161102295, nnL1, 0.01, 0.0055
0.019417946259836154, 17.117967051791037, 0.5542431, 0.565346360206604, 178.964515209198, huber, 1, 0.0055
0.00274392853774924, 25.616272034847132, 0.7753684, 0.2687177360057831, 52.85945773124695, lasso, 0.001, 0.0055
0.006765744172316567, 21.696844278681333, 0.7175805, 0.3566742539405823, 41.651458978652954, dct, 0.005, 0.0055
0.0032729771847515464, 24.850570220586444, 0.7923122, 0.2921646535396576, 46.17372965812683, nnL1, 0.01, 0.0055
0.0028778342151652135, 25.40934228298213, 0.79097193, 0.2690584659576416, 188.59595656394958, huber, 1, 0.0055
0.01075180394222118, 19.685186635227453, 0.6576464, 0.4681982398033142, 47.81197905540466, lasso, 0.001, 0.0055
0.02431404023030991, 16.141428690490017, 0.6361107, 0.551400363445282, 30.957486629486084, dct, 0.005, 0.0055
0.01401375009313209, 18.534456315364245, 0.66963863, 0.4814058542251587, 35.45261001586914, nnL1, 0.01, 0.0055
0.011215428436703609, 19.50184131430793, 0.65687126, 0.45766425132751465, 165.76494193077087, huber, 1, 0.0055
0.12876473763795757, 8.902030527058212, 0.50696915, 0.5946496725082397, 39.280593395233154, lasso, 0.001, 0.0055
0.1194336937823437, 9.228731358576548, 0.56614804, 0.6597158312797546, 29.71586513519287, dct, 0.005, 0.0055
0.16125033523246038, 7.924993738123451, 0.4819813, 0.6733320951461792, 30.441191911697388, nnL1, 0.01, 0.0055
0.18157324586811108, 7.409481427523014, 0.43400863, 0.6418280005455017, 133.91107082366943, huber, 1, 0.0055
0.03603184975028756, 14.433134421316037, 0.46907392, 0.6663308143615723, 52.27002000808716, lasso, 0.001, 0.0055
0.05227162957718066, 12.81733960484884, 0.3438395, 0.8965110182762146, 28.54630708694458, dct, 0.005, 0.0055
0.03727867502822185, 14.285395318909597, 0.44406056, 0.7722251415252686, 37.75482225418091, nnL1, 0.01, 0.0055
0.0390767765156621, 14.080812688836684, 0.46947387, 0.6634513139724731, 190.18377017974854, huber, 1, 0.0055
0.08666595877922685, 10.621514540511267, 0.4440498, 0.6415390372276306, 59.21703815460205, lasso, 0.001, 0.0055
0.08419127841492921, 10.747328958216505, 0.4077718, 0.8274632096290588, 36.85472249984741, dct, 0.005, 0.0055
0.0792469390105231, 11.010175038296149, 0.4337132, 0.719755232334137, 41.30834746360779, nnL1, 0.01, 0.0055
0.08310566407537885, 10.803693758205384, 0.43345022, 0.6679537892341614, 173.82239699363708, huber, 1, 0.0055
0.1421245701867162, 8.473308356960796, 0.46171978, 0.5593055486679077, 52.737202167510986, lasso, 0.001, 0.0055
0.08924632784606058, 10.494096444482857, 0.48903725, 0.6642446517944336, 31.72387671470642, dct, 0.005, 0.0055
0.1150488221951066, 9.391178230343142, 0.49177358, 0.5805224776268005, 36.59520745277405, nnL1, 0.01, 0.0055
0.15717147357158945, 8.036262750565438, 0.43477213, 0.5629067420959473, 172.15203642845154, huber, 1, 0.0055
0.04869950597853441, 13.124754443682132, 0.5547887, 0.4775039553642273, 48.76588582992554, lasso, 0.001, 0.0055
0.04633481559201424, 13.340925610885357, 0.5440733, 0.6431030035018921, 30.93483877182007, dct, 0.005, 0.0055
0.040041775206382045, 13.974866768159497, 0.59614277, 0.4936651587486267, 36.037840366363525, nnL1, 0.01, 0.0055
0.047687549231054255, 13.21594996349502, 0.57193655, 0.4714604318141937, 162.02693581581116, huber, 1, 0.0055
0.2758370380542085, 5.593474192965768, 0.25942612, 0.6907575130462646, 56.29699158668518, lasso, 0.001, 0.0055
0.1843661342880874, 7.343188503243338, 0.2584597, 0.9781755208969116, 31.508140563964844, dct, 0.005, 0.0055
0.247199290276609, 6.069527804658871, 0.26014706, 0.8534310460090637, 32.92875957489014, nnL1, 0.01, 0.0055
0.3002657070254487, 5.224942652037932, 0.23451944, 0.7391969561576843, 155.87926125526428, huber, 1, 0.0055
0.02912010880781588, 15.358070066067429, 0.5819611, 0.5056913495063782, 53.4437210559845, lasso, 0.001, 0.0055
0.03243244076585316, 14.890203664286599, 0.5021289, 0.6950077414512634, 37.737062215805054, dct, 0.005, 0.0055
0.024746381949394422, 16.064882882162205, 0.5948684, 0.5793619751930237, 39.535322427749634, nnL1, 0.01, 0.0055
0.02733306175283014, 15.633117174517949, 0.60328937, 0.513148307800293, 163.9179027080536, huber, 1, 0.0055
0.08336456314270398, 10.790185213303253, 0.3414621, 0.5906038284301758, 63.395854473114014, lasso, 0.001, 0.0055
0.06662429029625234, 11.763674041877055, 0.34627, 0.7992000579833984, 43.29564952850342, dct, 0.005, 0.0055
0.07082289317828146, 11.498263358990307, 0.37561974, 0.6755521893501282, 45.434690713882446, nnL1, 0.01, 0.0055
0.08950521765702746, 10.481516469901596, 0.3221601, 0.5972748398780823, 214.89336800575256, huber, 1, 0.0055
0.03626489272699936, 14.405136028607526, 0.60148793, 0.4957260191440582, 41.926233530044556, lasso, 0.001, 0.0055
0.026515130118591225, 15.765062373122483, 0.6923792, 0.5446966886520386, 32.3437979221344, dct, 0.005, 0.0055
0.03630005852748559, 14.400926747395475, 0.6400196, 0.47688236832618713, 33.09103178977966, nnL1, 0.01, 0.0055
0.05251266335532044, 12.797359544574478, 0.54835373, 0.4747554063796997, 155.09812831878662, huber, 1, 0.0055
0.09393794476440333, 10.271589458266337, 0.540193, 0.516191840171814, 46.24070954322815, lasso, 0.001, 0.0055
0.058147346640897504, 12.354700980551868, 0.60365206, 0.7449250221252441, 31.624566793441772, dct, 0.005, 0.0055
0.07133269856753417, 11.467113459944498, 0.60423326, 0.5605491399765015, 35.06418585777283, nnL1, 0.01, 0.0055
0.08702579436477567, 10.60352003818863, 0.5629374, 0.5227084159851074, 144.59797501564026, huber, 1, 0.0055
0.2069912399755748, 6.840480338221704, 0.425814, 0.6534242033958435, 53.09126091003418, lasso, 0.001, 0.0055
0.18624099476436, 7.299247173377733, 0.45543504, 0.847205638885498, 35.273343324661255, dct, 0.005, 0.0055
0.22013608208288488, 6.573087672368291, 0.43525353, 0.7247400283813477, 37.3052294254303, nnL1, 0.01, 0.0055
0.2569082061902324, 5.902220232298956, 0.3783889, 0.6668034791946411, 168.26585030555725, huber, 1, 0.0055
0.07854836431678491, 11.048628542343288, 0.48041025, 0.6268718838691711, 45.23723745346069, lasso, 0.001, 0.0055
0.04516390050509393, 13.452085580072897, 0.541642, 0.7186111211776733, 36.47926735877991, dct, 0.005, 0.0055
0.06295900451273144, 12.009421475175671, 0.51126766, 0.6687663197517395, 37.305211305618286, nnL1, 0.01, 0.0055
0.07861165941951827, 11.045130360721611, 0.46281508, 0.6207844018936157, 159.20085048675537, huber, 1, 0.0055
0.364296038006995, 4.385455520110519, 0.35435662, 0.7190855145454407, 52.45284032821655, lasso, 0.001, 0.0055
0.23992747822943922, 6.199200106398047, 0.54028916, 0.7699573040008545, 39.1930947303772, dct, 0.005, 0.0055
0.3372296089958389, 4.720743010135605, 0.44391176, 0.7744744420051575, 36.06127667427063, nnL1, 0.01, 0.0055
0.38487198147786905, 4.146837042144894, 0.3659751, 0.7491286993026733, 155.65095138549805, huber, 1, 0.0055
0.05488486906163942, 12.605473675490897, 0.25730702, 0.7329308986663818, 41.26492977142334, lasso, 0.001, 0.0055
0.0679470515272981, 11.678293841589628, 0.15147279, 1.0484672784805298, 28.32370090484619, dct, 0.005, 0.0055
0.056608866299307475, 12.471155426049856, 0.21849799, 0.874485969543457, 30.020255088806152, nnL1, 0.01, 0.0055
0.06597153708812313, 11.806433970607733, 0.24317734, 0.7452277541160583, 138.5646731853485, huber, 1, 0.0055
0.20765587266451468, 6.82655782205305, 0.32039294, 0.6411489248275757, 68.32150769233704, lasso, 0.001, 0.0055
0.13328793495877742, 8.752091605483962, 0.4221789, 0.8105894923210144, 42.27249884605408, dct, 0.005, 0.0055
0.1792342480135859, 7.465790019161189, 0.39897427, 0.6906641721725464, 45.12031364440918, nnL1, 0.01, 0.0055
0.21138250772119369, 6.7493095418316775, 0.32530248, 0.646695077419281, 199.7819595336914, huber, 1, 0.0055
0.2622839721123772, 5.812282478611561, 0.4395362, 0.7212525010108948, 38.4901909828186, lasso, 0.001, 0.0055
0.19496108759776043, 7.1005206108847165, 0.48981503, 0.8215878009796143, 22.328115224838257, dct, 0.005, 0.0055
0.23315996348947973, 6.323460213587632, 0.47000918, 0.7734183073043823, 26.266873359680176, nnL1, 0.01, 0.0055
0.24347360264796727, 6.135481180048972, 0.45971036, 0.7317385673522949, 108.58339715003967, huber, 1, 0.0055
0.06932647945767831, 11.591008536152286, 0.41199455, 0.625041663646698, 48.836124420166016, lasso, 0.001, 0.0055
0.05730771219572087, 12.41786928841263, 0.41985103, 0.8426046371459961, 38.2305383682251, dct, 0.005, 0.0055
0.06330989951852557, 11.985283757627574, 0.4324499, 0.7101532816886902, 41.44917869567871, nnL1, 0.01, 0.0055
0.06972542063616878, 11.566088570631178, 0.41072592, 0.6310251951217651, 158.20947289466858, huber, 1, 0.0055
0.3055922204845788, 5.148577058673679, 0.3217673, 0.7276930809020996, 49.99915051460266, lasso, 0.001, 0.0055
0.1906209592132671, 7.198293493942832, 0.4381659, 0.8110712170600891, 38.72754263877869, dct, 0.005, 0.0055
0.28238403545547713, 5.491598597079665, 0.36039814, 0.7803146839141846, 35.71003866195679, nnL1, 0.01, 0.0055
0.32041894082082595, 4.942818195202739, 0.30145943, 0.7454025745391846, 157.3650598526001, huber, 1, 0.0055
0.1262654367674991, 8.987155146499617, 0.497099, 0.7122676372528076, 43.54232382774353, lasso, 0.001, 0.0055
0.09239716981301274, 10.343413313060378, 0.5816098, 0.6561551094055176, 29.92584538459778, dct, 0.005, 0.0055
0.12079142253929925, 9.179639040932821, 0.5288677, 0.6889211535453796, 30.904756784439087, nnL1, 0.01, 0.0055
0.1418985980399594, 8.48021895356601, 0.4781005, 0.6995694637298584, 131.15997290611267, huber, 1, 0.0055
0.09520971174196528, 10.213187497161083, 0.42973697, 0.6689794063568115, 41.65574049949646, lasso, 0.001, 0.0055
0.07377195131731157, 11.32108729011012, 0.46645656, 0.7572197914123535, 37.147624492645264, dct, 0.005, 0.0055
0.08553472806485082, 10.678575210058119, 0.4808309, 0.7010833621025085, 35.783188819885254, nnL1, 0.01, 0.0055
0.08973344402528927, 10.470456634373072, 0.4706155, 0.6733276844024658, 129.19630002975464, huber, 1, 0.0055
0.033426440258613285, 14.759098710400224, 0.5943494, 0.43061280250549316, 55.10777735710144, lasso, 0.001, 0.0055
0.02486170468676756, 16.044690965039187, 0.682486, 0.5383955240249634, 40.47808623313904, dct, 0.005, 0.0055
0.0305143800631886, 15.154954488393305, 0.62874424, 0.46731871366500854, 47.06591749191284, nnL1, 0.01, 0.0055
0.03396199614559492, 14.690067916454108, 0.58375806, 0.4370480477809906, 191.924241065979, huber, 1, 0.0055
0.11468746546342667, 9.404840448496847, 0.42167392, 0.5782445073127747, 58.483795166015625, lasso, 0.001, 0.0055
0.09654400264788636, 10.152746995938276, 0.40366086, 0.8552922010421753, 44.810444355010986, dct, 0.005, 0.0055
0.11201638751920695, 9.507184372535304, 0.45561633, 0.6772847175598145, 43.225401401519775, nnL1, 0.01, 0.0055
0.12829035473723313, 8.918059939903, 0.42192808, 0.597852349281311, 187.28468871116638, huber, 1, 0.0055
0.04298962950700647, 13.666362977012303, 0.5599205, 0.520476758480072, 47.685282707214355, lasso, 0.001, 0.0055
0.03890385105257138, 14.100074061781624, 0.42303717, 0.6677567958831787, 39.642136335372925, dct, 0.005, 0.0055
0.04619079987372873, 13.354445171269358, 0.5024521, 0.5786249041557312, 44.016950607299805, nnL1, 0.01, 0.0055
0.04812630356028081, 13.17617493922517, 0.52532786, 0.5209283828735352, 168.44874453544617, huber, 1, 0.0055
0.006485075027329481, 21.880849950977577, 0.6388468, 0.43434765934944153, 47.52203607559204, lasso, 0.001, 0.0055
0.021425193004665728, 16.690752571301427, 0.5042429, 0.5912982821464539, 40.31628751754761, dct, 0.005, 0.0055
0.009008077725634176, 20.453678751938398, 0.60697174, 0.5003620982170105, 40.953301668167114, nnL1, 0.01, 0.0055
0.006564953364645664, 21.827683546543174, 0.6252473, 0.4462186396121979, 161.95165586471558, huber, 1, 0.0055
0.02325349146289065, 16.33511829474022, 0.5573204, 0.46214810013771057, 61.16767477989197, lasso, 0.001, 0.0055
0.030703611051235043, 15.128105441514737, 0.4277017, 0.7243233323097229, 45.43665599822998, dct, 0.005, 0.0055
0.025160064783194134, 15.992882449856117, 0.5040951, 0.5106510519981384, 52.38343787193298, nnL1, 0.01, 0.0055
0.022915631125404547, 16.39868177236297, 0.53383297, 0.4577694237232208, 207.5443844795227, huber, 1, 0.0055
0.18016451488216548, 7.44330743370476, 0.3975908, 0.5598647594451904, 55.201324701309204, lasso, 0.001, 0.0055
0.14758311442848496, 8.309633290308188, 0.44889775, 0.7800338864326477, 42.77766156196594, dct, 0.005, 0.0055
0.18179111999356476, 7.404273347113191, 0.4128197, 0.6353474259376526, 47.05630016326904, nnL1, 0.01, 0.0055
0.2040547433106973, 6.902533054742975, 0.34318602, 0.5884135961532593, 194.68617367744446, huber, 1, 0.0055
0.10350183290044809, 9.850519592746757, 0.5277264, 0.5933403968811035, 39.41164755821228, lasso, 0.001, 0.0055
0.09635910671037548, 10.161072347483401, 0.58057445, 0.6704074144363403, 35.97612476348877, dct, 0.005, 0.0055
0.10957598615931073, 9.602846121034379, 0.57997006, 0.6293516755104065, 35.95867562294006, nnL1, 0.01, 0.0055
0.11319780845929933, 9.461619811269559, 0.5690644, 0.6012619733810425, 122.34311628341675, huber, 1, 0.0055
0.11706785041625309, 9.315623560279025, 0.40977582, 0.6413558125495911, 59.55255174636841, lasso, 0.001, 0.0055
0.08027119124804034, 10.954402919178124, 0.44213971, 0.7816309332847595, 44.84981966018677, dct, 0.005, 0.0055
0.09139833543618713, 10.39061713647586, 0.4528326, 0.6934365034103394, 43.26420307159424, nnL1, 0.01, 0.0055
0.09907519033071484, 10.040350846813853, 0.42482528, 0.6479499340057373, 169.898179769516, huber, 1, 0.0055
0.3207428162436504, 4.938430618452549, 0.1722322, 0.6893258094787598, 58.82857275009155, lasso, 0.001, 0.0055
0.20599197151653603, 6.861497058153743, 0.32799926, 0.7908324599266052, 42.98463320732117, dct, 0.005, 0.0055
0.28114664102522213, 5.510671008187263, 0.22171746, 0.7613334059715271, 42.779176473617554, nnL1, 0.01, 0.0055
0.3245586156733635, 4.887068576783344, 0.15887922, 0.7125387787818909, 189.7736029624939, huber, 1, 0.0055
0.03229862213811135, 14.908160043122017, 0.48369768, 0.6608468294143677, 49.219274044036865, lasso, 0.001, 0.0055
0.038405322854102565, 14.156085796438965, 0.38893005, 0.8507565259933472, 37.798476219177246, dct, 0.005, 0.0055
0.02737658149750011, 15.626207829902395, 0.47284904, 0.72605961561203, 38.80019450187683, nnL1, 0.01, 0.0055
0.02954758182910386, 15.294780559417573, 0.5010027, 0.6723530888557434, 163.3827428817749, huber, 1, 0.0055
0.021461328273167116, 16.683434024140954, 0.59167206, 0.5259101390838623, 34.67064452171326, lasso, 0.001, 0.0055
0.02426203865151367, 16.150727097388426, 0.59769124, 0.5792238116264343, 23.874001502990723, dct, 0.005, 0.0055
0.023430849158787397, 16.302119718258727, 0.62350696, 0.5480043888092041, 23.32138419151306, nnL1, 0.01, 0.0055
0.023523169596854635, 16.285041602455685, 0.61080486, 0.5262599587440491, 108.53436326980591, huber, 1, 0.0055
0.10586162907709948, 9.752614270484056, 0.54844236, 0.5452821850776672, 45.49249005317688, lasso, 0.001, 0.0055
0.10895976954012242, 9.627338240028667, 0.55197597, 0.6935032606124878, 29.704534769058228, dct, 0.005, 0.0055
0.12053256230578116, 9.188956110198957, 0.56865025, 0.6034337878227234, 35.13660764694214, nnL1, 0.01, 0.0055
0.12259289271384259, 9.115347071800157, 0.5561723, 0.5558815598487854, 143.1104793548584, huber, 1, 0.0055
0.22453330972485744, 6.487192218918075, 0.48463807, 0.5597714781761169, 39.72305679321289, lasso, 0.001, 0.0055
0.1579170500785128, 8.015709773048195, 0.5720186, 0.6655251979827881, 28.898956775665283, dct, 0.005, 0.0055
0.23411226684457065, 6.3057582986025835, 0.5053852, 0.6253389120101929, 31.117385625839233, nnL1, 0.01, 0.0055
0.2752211668018037, 5.603181682863843, 0.44628218, 0.5870022773742676, 127.7277729511261, huber, 1, 0.0055
0.32810477664025905, 4.839874469885145, 0.3863429, 0.8247619271278381, 37.73347759246826, lasso, 0.001, 0.0055
0.2755284370951892, 5.598335712725266, 0.42398664, 0.8773307800292969, 32.05199599266052, dct, 0.005, 0.0055
0.3508752557668318, 4.5484725778298865, 0.37458983, 0.8862285614013672, 28.91206383705139, nnL1, 0.01, 0.0055
0.3940296743273419, 4.044710702776431, 0.33525622, 0.8606985807418823, 121.18950152397156, huber, 1, 0.0055
0.12927937602546374, 8.884707527123721, 0.33005634, 0.6181747913360596, 51.46269941329956, lasso, 0.001, 0.0055
0.08619055663240567, 10.645403145360799, 0.34631023, 0.8199912905693054, 36.17516493797302, dct, 0.005, 0.0055
0.12641983346014626, 8.981847861280722, 0.33061004, 0.6909540295600891, 40.94786477088928, nnL1, 0.01, 0.0055
0.15059955991319518, 8.22176297242557, 0.29043996, 0.6326393485069275, 175.4149706363678, huber, 1, 0.0055
0.05384613850972502, 12.68845435988088, 0.31099632, 0.4352194666862488, 69.11802268028259, lasso, 0.001, 0.0055
0.02173756104093111, 16.627891854514584, 0.5502278, 0.47412607073783875, 43.75504779815674, dct, 0.005, 0.0055
0.03730991151651127, 14.281757809226248, 0.36146083, 0.4782813787460327, 45.06065011024475, nnL1, 0.01, 0.0055
0.059229617313246365, 12.274610733574072, 0.25132665, 0.43577611446380615, 260.7090845108032, huber, 1, 0.0055
0.06447477156942394, 11.906101878688062, 0.6083402, 0.48005568981170654, 39.188260316848755, lasso, 0.001, 0.0055
0.06708738119935634, 11.733591607678434, 0.584486, 0.6290158033370972, 37.1600604057312, dct, 0.005, 0.0055
0.06172983605434731, 12.095048764556484, 0.61196667, 0.5150282382965088, 35.133068799972534, nnL1, 0.01, 0.0055
0.060135083914054734, 12.208720786675977, 0.61887306, 0.4820558726787567, 132.07247710227966, huber, 1, 0.0055
0.1705807044114656, 7.680700965071027, 0.18566944, 0.7251777648925781, 60.01065230369568, lasso, 0.001, 0.0055
0.09148180942754977, 10.386652540278082, 0.3263074, 0.7869886755943298, 41.28302454948425, dct, 0.005, 0.0055
0.14087602780315836, 8.51162902409107, 0.21943058, 0.7523157596588135, 42.327017307281494, nnL1, 0.01, 0.0055
0.17361130983884, 7.604219862988857, 0.16024043, 0.7313898801803589, 197.84143996238708, huber, 1, 0.0055
0.13041727874964867, 8.846648659008425, 0.20837687, 0.5895112156867981, 62.96634316444397, lasso, 0.001, 0.0055
0.07819177819505599, 11.068389102680197, 0.31959006, 0.8420203328132629, 48.22694802284241, dct, 0.005, 0.0055
0.10911984906959667, 9.620962433867042, 0.24693757, 0.6560185551643372, 45.56300663948059, nnL1, 0.01, 0.0055
0.1311684906612288, 8.821704787976493, 0.20165665, 0.5935056805610657, 215.46490287780762, huber, 1, 0.0055
0.045939264976171214, 13.378159577554163, 0.69642013, 0.42836201190948486, 34.96647596359253, lasso, 0.001, 0.0055
0.03263399907319486, 14.863297031351426, 0.74702936, 0.5510507822036743, 31.78793954849243, dct, 0.005, 0.0055
0.038185562637508635, 14.181008059893612, 0.7456177, 0.4736776053905487, 31.343405723571777, nnL1, 0.01, 0.0055
0.03838975227308355, 14.157846903514661, 0.7423703, 0.447692334651947, 109.49644684791565, huber, 1, 0.0055
0.01498607470107391, 18.243121069051853, 0.6157655, 0.5213496685028076, 50.92890024185181, lasso, 0.001, 0.0055
0.030528608079068615, 15.152929964665002, 0.51976436, 0.6788474321365356, 36.794976472854614, dct, 0.005, 0.0055
0.01315076677883859, 18.810489241240372, 0.6227218, 0.5698573589324951, 42.08971309661865, nnL1, 0.01, 0.0055
0.01452877172152376, 18.377710998872786, 0.6228064, 0.5182931423187256, 185.04866003990173, huber, 1, 0.0055
0.12029759973078046, 9.197430379475758, 0.42122602, 0.675243616104126, 46.41829323768616, lasso, 0.001, 0.0055
0.10726341732585169, 9.695483708810759, 0.31878018, 0.891978919506073, 33.408275842666626, dct, 0.005, 0.0055
0.11550848366590676, 9.373861172957913, 0.38309953, 0.7915518283843994, 34.59361791610718, nnL1, 0.01, 0.0055
0.11266014756212936, 9.482296842618917, 0.4107882, 0.694264829158783, 143.4272003173828, huber, 1, 0.0055
0.04615811815676221, 13.357519054587739, 0.4816687, 0.5439195036888123, 59.32798194885254, lasso, 0.001, 0.0055
0.035825396385157346, 14.458089957126365, 0.46273908, 0.7818726897239685, 39.22036290168762, dct, 0.005, 0.0055
0.03676767430856224, 14.345338399952002, 0.52534324, 0.6199229955673218, 44.08907341957092, nnL1, 0.01, 0.0055
0.044344925846360336, 13.53156066993444, 0.4782822, 0.5361179113388062, 207.8618335723877, huber, 1, 0.0055
0.12347933256844461, 9.084057266358844, 0.5067869, 0.5607242584228516, 43.52916193008423, lasso, 0.001, 0.0055
0.0967922696466732, 10.141593264091009, 0.56001204, 0.6772242784500122, 28.997563123703003, dct, 0.005, 0.0055
0.11778248186438083, 9.289192986438826, 0.5342327, 0.604566752910614, 32.53172850608826, nnL1, 0.01, 0.0055
0.13146375362750967, 8.811939716567354, 0.5029709, 0.566414475440979, 138.59132194519043, huber, 1, 0.0055
0.08537215708392774, 10.686837451940978, 0.45654893, 0.6174136400222778, 48.247835636138916, lasso, 0.001, 0.0055
0.0955599049718251, 10.197242907998545, 0.3104861, 0.8967395424842834, 33.745343923568726, dct, 0.005, 0.0055
0.10495810853394982, 9.789840043848596, 0.4043915, 0.7231974601745605, 37.2363121509552, nnL1, 0.01, 0.0055
0.1261998415314447, 8.989411904331075, 0.4066318, 0.640998363494873, 174.18633270263672, huber, 1, 0.0055
0.01722811469647357, 17.637622455767378, 0.6280072, 0.4169886112213135, 58.63213753700256, lasso, 0.001, 0.0055
0.019823765984478037, 17.028138376957024, 0.5464268, 0.6417475342750549, 45.281230211257935, dct, 0.005, 0.0055
0.014249503472687565, 18.462002684855662, 0.61481637, 0.473528116941452, 49.48884129524231, nnL1, 0.01, 0.0055
0.017339058324865174, 17.609744925241635, 0.62185526, 0.4196699857711792, 206.4522624015808, huber, 1, 0.0055
0.04902827268349462, 13.095534071258626, 0.6021818, 0.40966516733169556, 52.60661816596985, lasso, 0.001, 0.0055
0.050480216743716236, 12.968787890571498, 0.4991367, 0.5996179580688477, 37.94427824020386, dct, 0.005, 0.0055
0.04660396758726474, 13.31577108462229, 0.60249454, 0.45036208629608154, 47.12906885147095, nnL1, 0.01, 0.0055
